Census Tract,East = 1/ West = 0 ,Total Populaton,Households,Housing Units,Minority Population,Percent Minority,Low Income,Percent Low Income,Less than HS Education,Percent Less than HS Education,Under Age 5,Percent Under Age 5,Over Age 64,Percent Over Age 64,Housing Units Built Before 1960,Percent Housing Units Built Before 1960,NATA Diesel Particulate Matter,NATA Cancer Risk,NATA Respiratory Hazard Index,Traffic Proximity,Wastewater Dischange Indicator,Superfund Proximity,RMP Proximity,TSDF Proximity,Ozone Concentration,PM 2.5 Concentration
3.7067E+11,1,2087,1117,1210,872,0.417824629,518,0.364788732,246,0.147836538,0,0,196,0.09391471,689,0.569421488,1.669593048,65.03289329,2.776652773,1216.324399,0.002981341,0.020230803,1.056318517,4.721586277,47.24491438,9.945469041
3.7067E+11,1,1113,516,568,616,0.55345912,830,0.745732255,212,0.219234747,46,0.041329739,62,0.055705301,246,0.433098592,1.003449928,54.61561646,2.061867487,422.6463614,0.001739764,0.025784205,1.283659532,3.353032424,47.15801634,9.913864384
3.7067E+11,1,2051,841,902,2001,0.975621648,1577,0.771904063,269,0.223421927,186,0.09068747,266,0.129692833,233,0.258314856,0.849534202,48.99268063,1.768417581,318.6588745,2.649E-08,0.026000282,1.677478708,3.172847206,47.07536144,9.89712
3.7067E+11,1,1565,703,912,1565,1,1141,0.729073482,338,0.335650447,86,0.054952077,324,0.207028754,632,0.692982456,0.709673201,47.40398185,1.701541454,837.8789954,4.801E-08,0.026369963,1.265909979,3.349915457,46.96724314,9.883094247
3.7067E+11,1,1091,290,406,1066,0.977085243,813,0.745187901,157,0.285974499,72,0.0659945,62,0.056828598,313,0.770935961,0.689060025,46.55861466,1.643965651,446.0180328,3.401E-08,0.02449885,3.450923659,5.657572066,46.9753451,9.8798
3.7067E+11,1,982,319,359,981,0.99898167,513,0.529411765,178,0.261380323,87,0.088594705,169,0.17209776,279,0.777158774,0.689060025,46.55861466,1.643965651,76.28010153,4.721E-08,0.025679686,2.903801719,5.442316899,46.9753451,9.8798
3.7067E+11,1,1507,513,610,1479,0.98142004,1283,0.851360319,119,0.141666667,60,0.0398142,107,0.071001991,237,0.38852459,0.689060025,46.55861466,1.643965651,73.65087192,3.258E-08,0.009779946,3.131292018,3.580537487,46.9753451,9.8798
3.7067E+11,1,548,167,217,548,1,406,0.740875912,127,0.391975309,17,0.031021898,17,0.031021898,52,0.239631336,0.787536857,47.94924834,1.779823974,2657.632877,2.199E-08,0.022012188,1.812804651,3.868584543,47.0506549,9.899446301
3.7067E+11,1,682,325,336,679,0.995601173,608,0.891495601,133,0.339285714,111,0.162756598,46,0.06744868,145,0.431547619,0.787536857,47.94924834,1.779823974,1327.991761,0.000361525,0.024883555,1.82727691,3.368643433,47.0506549,9.899446301
3.7067E+11,1,1237,467,574,1212,0.979789814,892,0.721099434,160,0.216802168,84,0.067906225,194,0.156831043,372,0.648083624,0.787536857,47.94924834,1.779823974,101.5857822,0.000727293,0.022264719,1.342997616,3.314516448,47.0506549,9.899446301
3.7067E+11,1,1396,676,786,1380,0.988538682,1037,0.746043165,301,0.312889813,65,0.046561605,212,0.151862464,214,0.272264631,0.93101096,49.45243813,1.899401322,9.939829468,0.002201732,0.017272825,1.23395014,2.839864118,47.17430588,9.923914247
3.7067E+11,1,578,251,327,565,0.977508651,495,0.856401384,67,0.162621359,55,0.095155709,95,0.164359862,62,0.189602446,0.93101096,49.45243813,1.899401322,2036.265796,0.002050893,0.024833841,1.419343584,3.060287053,47.17430588,9.923914247
3.7067E+11,1,742,347,430,723,0.974393531,543,0.739782016,124,0.232209738,19,0.025606469,162,0.218328841,270,0.627906977,1.337343515,54.44063835,2.340642638,850.4895726,0.003752925,0.024416265,1.069513437,2.645331541,47.27546667,9.952754247
3.7067E+11,1,931,507,585,878,0.943071966,707,0.759398496,120,0.204081633,100,0.107411386,102,0.109559613,68,0.116239316,1.337343515,54.44063835,2.340642638,3891.938177,0.003926791,0.024107898,1.113946211,3.154697317,47.27546667,9.952754247
3.7067E+11,1,2138,0,0,1907,0.891955098,0,0,0,0,0,0,0,0,0,0,0.895168529,45.3538722,1.756605772,1635.734908,0.042250189,0.024265084,1.159033171,2.249658254,47.42531176,10.00491068
3.7067E+11,1,984,277,342,892,0.906504065,858,0.902208202,223,0.582245431,145,0.147357724,21,0.021341463,118,0.34502924,0.895168529,45.3538722,1.756605772,852.80749,0.011569424,0.016291291,2.383623566,2.6651253,47.42531176,10.00491068
3.7067E+11,1,577,158,176,549,0.951473137,472,0.818024263,77,0.361502347,67,0.116117851,12,0.020797227,48,0.272727273,0.909780747,47.48012895,1.875287062,1854.565927,0.01915407,0.024577661,1.367961234,2.144842535,47.49301438,10.0203663
3.7067E+11,1,1786,487,542,1332,0.745800672,993,0.877984085,197,0.366852886,79,0.044232923,75,0.041993281,170,0.313653137,0.909780747,47.48012895,1.875287062,586.3000514,0.007614241,0.022370102,1.656316509,2.306166272,47.49301438,10.0203663
3.7067E+11,1,868,425,481,398,0.458525346,543,0.625576037,109,0.184121622,55,0.063364055,146,0.168202765,238,0.494802495,1.070136711,51.46614581,2.0253189,513.1921069,0.013503015,0.014847147,0.566850533,2.459389032,47.37717712,9.988332877
3.7067E+11,1,952,468,584,609,0.639705882,746,0.821585903,220,0.355411955,110,0.115546218,139,0.146008403,261,0.446917808,1.070136711,51.46614581,2.0253189,1720.565695,0.004130474,0.025827891,0.756500097,2.940907187,47.37717712,9.988332877
3.7067E+11,1,614,343,429,128,0.208469055,200,0.326797386,27,0.055102041,0,0,94,0.153094463,315,0.734265734,1.070136711,51.46614581,2.0253189,14.14422029,0.007663364,0.024458275,0.761428503,2.687984998,47.37717712,9.988332877
3.7067E+11,1,1120,352,352,335,0.299107143,72,0.109923664,0,0,5,0.004464286,115,0.102678571,133,0.377840909,1.070136711,51.46614581,2.0253189,685.7940753,0.008272622,0.024225352,1.016552267,3.174138156,47.37717712,9.988332877
3.7067E+11,0,629,352,377,264,0.419713831,382,0.607313196,33,0.071428571,54,0.085850556,23,0.036565978,246,0.652519894,0.90041341,49.7093322,1.851396768,2194.070624,0.002719785,0.022664163,0.554896228,4.207928961,47.3847549,9.984849041
3.7067E+11,0,2230,725,845,1545,0.692825112,1572,0.704932735,417,0.317835366,377,0.169058296,156,0.069955157,277,0.327810651,0.90041341,49.7093322,1.851396768,510.8866526,0.005452398,0.023148589,0.514767317,2.742811443,47.3847549,9.984849041
3.7067E+11,0,821,404,459,252,0.306942753,305,0.371498173,37,0.0578125,37,0.045066991,91,0.110840438,329,0.716775599,0.90041341,49.7093322,1.851396768,18.12007935,0.004788936,0.026573795,0.27670036,2.469150245,47.3847549,9.984849041
3.7067E+11,0,825,399,457,132,0.16,361,0.437575758,9,0.015625,8,0.00969697,86,0.104242424,399,0.873085339,0.90041341,49.7093322,1.851396768,27.61030653,0.00281952,0.026606088,0.476849191,3.078913583,47.3847549,9.984849041
3.7067E+11,0,825,508,617,190,0.23030303,315,0.381818182,34,0.052713178,24,0.029090909,95,0.115151515,317,0.513776337,1.441593336,55.57558153,2.269870255,292.6998404,0.001906386,0.026371622,0.864677522,3.397876818,47.22851895,9.936121644
3.7067E+11,1,622,318,390,145,0.233118971,331,0.532154341,39,0.088435374,0,0,37,0.059485531,228,0.584615385,1.441593336,55.57558153,2.269870255,2983.632943,0.002476537,0.022805886,0.814728193,3.931597444,47.22851895,9.936121644
3.7067E+11,0,823,355,419,307,0.373025516,299,0.48776509,65,0.1,59,0.071688943,198,0.240583232,211,0.503579952,1.441593336,55.57558153,2.269870255,2011.927231,0.001378786,0.026897253,0.71837763,3.322814801,47.22851895,9.936121644
3.7067E+11,0,682,284,312,179,0.262463343,111,0.210626186,69,0.116751269,18,0.026392962,306,0.448680352,78,0.25,0.663683263,47.06660605,1.709699491,30.01047699,2.419E-08,0.027018864,0.797030475,2.791017443,47.05968301,9.900264384
3.7067E+11,0,1459,641,683,120,0.082248115,240,0.16449623,3,0.00295858,79,0.054146676,288,0.197395476,568,0.831625183,0.663683263,47.06660605,1.709699491,19.67377839,6.30205E-05,0.025882204,0.645230358,2.624902977,47.05968301,9.900264384
3.7067E+11,0,1444,343,371,454,0.314404432,348,0.418269231,28,0.054580897,17,0.011772853,175,0.121191136,78,0.210242588,0.688297612,45.53047535,1.649238624,69.91162715,1.516E-08,0.028422549,0.47072889,1.349049734,46.79519869,9.849698904
3.7067E+11,0,2801,89,94,881,0.314530525,256,0.785276074,0,0,0,0,58,0.02070689,0,0,0.688297612,45.53047535,1.649238624,55.4326857,7.728E-08,0.02780267,0.580026841,2.415798461,46.79519869,9.849698904
3.7067E+11,0,830,388,453,289,0.348192771,263,0.31686747,48,0.076555024,42,0.05060241,246,0.296385542,63,0.139072848,0.688297612,45.53047535,1.649238624,45.05612365,1.1712E-07,0.022163788,0.721782848,2.927143498,46.79519869,9.849698904
3.7067E+11,1,2178,706,820,2065,0.948117539,1516,0.701851852,260,0.208667737,192,0.08815427,311,0.142791552,308,0.375609756,0.653125783,45.6557552,1.6452289,340.0719465,2.707E-08,0.020730374,0.730240975,3.51203575,46.66870327,9.837132877
3.7067E+11,1,1632,501,713,1334,0.817401961,1135,0.843239227,170,0.191873589,150,0.091911765,91,0.055759804,177,0.248246844,0.653125783,45.6557552,1.6452289,154.3977435,6.783E-08,0.026628781,1.125519861,5.103896246,46.66870327,9.837132877
3.7067E+11,1,2164,653,745,1980,0.914972274,1334,0.621042831,343,0.313242009,278,0.128465804,132,0.060998152,321,0.430872483,0.678330975,44.18612857,1.581818931,41.06289032,4.27E-09,0.025057012,0.657834919,2.621138457,46.56847059,9.820565205
3.7067E+11,1,1138,369,418,873,0.767135325,595,0.5228471,80,0.109289617,89,0.078207381,117,0.102811951,194,0.464114833,0.678330975,44.18612857,1.581818931,118.883913,3.56E-09,0.025900553,0.423397908,2.031293123,46.56847059,9.820565205
3.7067E+11,1,878,317,412,590,0.671981777,642,0.731207289,210,0.363951473,90,0.102505695,118,0.134396355,231,0.560679612,0.678330975,44.18612857,1.581818931,1411.842118,2.728E-08,0.025329735,1.381571397,4.559473008,46.56847059,9.820565205
3.7067E+11,1,1780,569,716,1709,0.96011236,1152,0.647191011,232,0.221585482,267,0.15,240,0.134831461,224,0.312849162,0.51018365,41.89029595,1.451259628,12.88706001,0.000188037,0.023693443,0.471333684,1.784455708,46.76991699,9.869831781
3.7067E+11,1,1269,428,541,1269,1,694,0.5552,122,0.125773196,20,0.015760441,328,0.258471237,223,0.41219963,0.51018365,41.89029595,1.451259628,18.8251839,0.000615759,0.017745667,0.694782839,2.656296495,46.76991699,9.869831781
3.7067E+11,1,668,298,318,611,0.914670659,322,0.482035928,31,0.066523605,32,0.047904192,122,0.182634731,81,0.254716981,0.51018365,41.89029595,1.451259628,25.24272218,0,0.024180453,0.657955508,2.552460702,46.76991699,9.869831781
3.7067E+11,1,1795,581,700,1496,0.833426184,1276,0.735023041,255,0.346938776,344,0.191643454,84,0.046796657,330,0.471428571,0.6622591,45.64202271,1.656852404,1535.110051,5.43855E-05,0.024536996,1.290514489,4.22627015,47.00229346,9.897682192
3.7067E+11,1,1700,637,810,1640,0.964705882,1220,0.717647059,314,0.338727077,224,0.131764706,218,0.128235294,432,0.533333333,0.6622591,45.64202271,1.656852404,4.89972126,0.002266155,0.017561251,1.021376042,2.571661119,47.00229346,9.897682192
3.7067E+11,1,752,291,369,728,0.968085106,524,0.696808511,58,0.141119221,33,0.043882979,55,0.073138298,156,0.422764228,0.71214023,44.23211854,1.614053105,895.2168926,0.012562077,0.018981348,0.710446083,1.70111437,47.14658889,9.949329041
3.7067E+11,1,499,236,312,461,0.923847695,414,0.829659319,150,0.428571429,41,0.082164329,75,0.150300601,189,0.605769231,0.71214023,44.23211854,1.614053105,1617.846901,0.004955595,0.024102738,0.994563575,2.26503221,47.14658889,9.949329041
3.7067E+11,1,1544,516,516,1544,1,1183,0.76619171,100,0.136054422,190,0.123056995,200,0.129533679,145,0.281007752,0.71214023,44.23211854,1.614053105,167.4640536,0.004086439,0.023667306,0.859135951,1.925476231,47.14658889,9.949329041
3.7067E+11,1,811,326,538,811,1,666,0.821208385,210,0.463576159,46,0.056720099,26,0.032059186,256,0.475836431,0.71214023,44.23211854,1.614053105,9.922439904,0.006146479,0.023565927,0.713430007,2.115040959,47.14658889,9.949329041
3.7067E+11,1,1873,646,702,1021,0.545114789,780,0.416444207,137,0.124545455,393,0.209823812,226,0.12066204,73,0.103988604,0.71214023,44.23211854,1.614053105,95.12789956,0.010015182,0.008879405,0.318180542,1.185608294,47.14658889,9.949329041
3.7067E+11,1,1789,629,656,1506,0.841811068,1097,0.613191727,200,0.180342651,104,0.058133035,190,0.106204584,285,0.43445122,0.608733763,43.09649889,1.607124876,19.74468383,0.003662666,0.017471543,0.485155016,1.461064575,47.54724641,10.05567178
3.7067E+11,1,790,240,273,727,0.920253165,667,0.844303797,238,0.494802495,118,0.149367089,84,0.106329114,203,0.743589744,0.608733763,43.09649889,1.607124876,4.618469061,0.002605382,0.023346845,0.66317786,1.938057749,47.54724641,10.05567178
3.7067E+11,1,716,282,308,687,0.959497207,666,0.942008487,119,0.244855967,65,0.090782123,101,0.141061453,179,0.581168831,0.608733763,43.09649889,1.607124876,35.74836623,0.003111709,0.021009307,0.853619756,2.553376794,47.54724641,10.05567178
3.7067E+11,1,1067,392,471,1064,0.997188379,724,0.678537957,128,0.17558299,35,0.032802249,249,0.233364574,132,0.280254777,0.608733763,43.09649889,1.607124876,18.47194257,0.011959342,0.023523454,0.845844332,2.272360181,47.54724641,10.05567178
3.7067E+11,1,1731,524,618,1347,0.778162912,1365,0.791304348,394,0.409989594,173,0.09994223,134,0.077411901,442,0.715210356,1.15155489,49.19379732,2.089719563,1762.166444,0.091025439,0.023945334,0.945301919,2.20520711,47.59251569,10.0693263
3.7067E+11,1,1147,474,587,506,0.441150828,704,0.613775065,124,0.168249661,87,0.075850044,51,0.044463819,415,0.706984668,0.986399964,48.32531248,1.901300661,1147.064478,0.1578419,0.024872073,0.671454248,2.19547279,47.50179935,10.0192389
3.7067E+11,1,516,282,312,43,0.083333333,150,0.290697674,0,0,11,0.021317829,115,0.222868217,252,0.807692308,0.986399964,48.32531248,1.901300661,112.1631043,0.011415184,0.024979792,0.696934823,2.301538761,47.50179935,10.0192389
3.7067E+11,1,1223,453,468,907,0.74161897,927,0.7579722,152,0.19843342,104,0.085036795,119,0.097301717,266,0.568376068,0.85055002,46.16275422,1.803530729,915.7399467,0.836289757,0.024642316,0.680521805,2.096067692,47.64111111,10.07659781
3.7067E+11,1,1414,524,567,1062,0.75106082,876,0.619519095,244,0.264355363,114,0.080622348,155,0.109618105,345,0.608465608,0.85055002,46.16275422,1.803530729,1547.219647,0.524093093,0.024302922,0.697938841,2.865980847,47.64111111,10.07659781
3.7067E+11,1,1479,539,572,1053,0.711967546,1022,0.694765466,263,0.284940412,112,0.075726842,176,0.118999324,353,0.617132867,0.76331907,45.33391723,1.679920959,1577.295094,0.368270829,0.025128352,0.561485866,2.209973711,47.60851242,10.05488466
3.7067E+11,1,1762,738,816,1112,0.631101022,1267,0.71906924,230,0.189144737,122,0.069239501,271,0.153802497,180,0.220588235,0.76331907,45.33391723,1.679920959,284.4790183,0.092275734,0.014395341,0.554628638,1.999510495,47.60851242,10.05488466
3.7067E+11,0,815,332,377,167,0.204907975,228,0.348091603,44,0.065088757,28,0.034355828,235,0.288343558,262,0.694960212,0.970330405,53.26907108,2.073532301,61.81753152,0.003016323,0.027739725,0.181387724,3.932063782,47.37740196,9.97776
3.7067E+11,0,1279,674,694,139,0.108678655,399,0.311962471,86,0.081982841,69,0.053948397,170,0.132916341,519,0.747838617,0.970330405,53.26907108,2.073532301,39.91144823,0.002952471,0.027150979,0.209294323,2.470022667,47.37740196,9.97776
3.7067E+11,0,854,330,428,338,0.395784543,387,0.453161593,110,0.177705977,0,0,213,0.24941452,256,0.598130841,1.116061847,52.53468939,2.076810141,633.6471123,0.000606179,0.027382039,0.157126155,2.591166572,47.27036797,9.95670274
3.7067E+11,0,1580,789,894,679,0.429746835,696,0.444160817,61,0.051870748,143,0.090506329,105,0.066455696,524,0.586129754,1.116061847,52.53468939,2.076810141,609.6617512,0.001486999,0.027205072,0.406400863,2.574670403,47.27036797,9.95670274
3.7067E+11,0,1593,737,757,37,0.023226616,236,0.148148148,15,0.012733447,123,0.077212806,204,0.128060264,667,0.881109643,1.116061847,52.53468939,2.076810141,9.434396645,0.001942907,0.016105042,0.295938344,2.40601717,47.27036797,9.95670274
3.7067E+11,0,726,353,429,60,0.082644628,145,0.199724518,0,0,53,0.073002755,153,0.210743802,300,0.699300699,0.864730873,48.19660608,1.815637123,29.97059914,1.278E-08,0.018944603,0.463881734,2.050706673,47.08548627,9.90766137
3.7067E+11,0,577,236,267,8,0.013864818,20,0.034662045,0,0,13,0.022530329,98,0.169844021,229,0.857677903,0.864730873,48.19660608,1.815637123,6.944721866,8.58E-09,0.027794396,0.507021063,2.182528797,47.08548627,9.90766137
3.7067E+11,0,1236,475,527,108,0.087378641,86,0.069579288,22,0.023809524,42,0.033980583,301,0.243527508,332,0.629981025,0.864730873,48.19660608,1.815637123,520.8572675,4.2E-09,0.025686662,0.318540331,1.944307164,47.08548627,9.90766137
3.7067E+11,1,1540,706,730,95,0.061688312,170,0.11038961,22,0.019503546,117,0.075974026,328,0.212987013,439,0.601369863,0.895327053,47.6308125,1.811907295,738.786539,6.19E-09,0.025433346,0.150906875,1.48109322,47.09547451,9.916819178
3.7067E+11,0,1472,547,569,124,0.08423913,79,0.053668478,5,0.004608295,76,0.051630435,388,0.263586957,227,0.398945518,0.895327053,47.6308125,1.811907295,546.4200971,2.238E-08,0.029075879,0.175674975,1.21734631,47.09547451,9.916819178
3.7067E+11,0,1471,751,760,91,0.061862678,481,0.326988443,0,0,0,0,494,0.335825969,187,0.246052632,0.745359868,46.42474411,1.727046067,353.885316,2.432E-08,0.027686915,0.196813041,0.94324599,46.86104248,9.85959726
3.7067E+11,0,1402,486,526,149,0.106276748,97,0.069186876,11,0.012195122,63,0.044935806,245,0.174750357,286,0.543726236,0.745359868,46.42474411,1.727046067,193.3817028,2.449E-08,0.028613261,0.380849325,1.651497972,46.86104248,9.85959726
3.7067E+11,1,2136,1081,1264,657,0.30758427,563,0.26544083,93,0.055889423,148,0.06928839,516,0.241573034,27,0.021360759,0.527731297,43.43384327,1.48205596,9.821720018,5.73E-09,0.031244648,0.138960158,0.182688001,46.65692876,9.82305863
3.7067E+11,0,1610,766,828,418,0.259627329,264,0.163975155,107,0.090601185,46,0.028571429,397,0.246583851,253,0.305555556,0.527731297,43.43384327,1.48205596,24.59620256,7.03E-09,0.030249435,0.156037099,0.41153242,46.65692876,9.82305863
3.7067E+11,0,1201,398,398,589,0.490424646,52,0.043297252,59,0.067121729,30,0.024979184,224,0.186511241,25,0.06281407,0.527731297,43.43384327,1.48205596,12.81464503,1.16E-09,0.016173241,0.143000732,0.31090496,46.65692876,9.82305863
3.7067E+11,0,1257,654,783,599,0.476531424,141,0.112171838,38,0.038539554,124,0.098647574,196,0.15592681,167,0.213282248,0.527731297,43.43384327,1.48205596,34.84376126,6.44E-09,0.029710991,0.146376913,0.697067927,46.65692876,9.82305863
3.7067E+11,0,792,289,426,552,0.696969697,658,0.830808081,133,0.290393013,93,0.117424242,72,0.090909091,58,0.136150235,0.438619868,42.09030085,1.393378994,3.495068286,0,0.031645045,0.123079681,0.358872463,46.42655033,9.778053151
3.7067E+11,0,1610,635,671,707,0.439130435,372,0.231055901,126,0.113309353,65,0.040372671,201,0.124844721,152,0.226527571,0.438619868,42.09030085,1.393378994,0,0,0.033139649,0.058701636,0.516326765,46.42655033,9.778053151
3.7067E+11,0,2043,692,772,401,0.19627998,42,0.020558003,70,0.051319648,64,0.031326481,257,0.125795399,31,0.04015544,0.438619868,42.09030085,1.393378994,0,0,0.033381708,0.081928709,0.256468923,46.42655033,9.778053151
3.7067E+11,0,1375,534,534,220,0.16,121,0.088,13,0.013306039,114,0.082909091,251,0.182545455,54,0.101123596,0.438619868,42.09030085,1.393378994,0.722763229,0,0.023049871,0.112257547,0.257747506,46.42655033,9.778053151
3.7067E+11,0,3116,1016,1067,2665,0.855263158,2314,0.742618742,474,0.288496652,328,0.105263158,44,0.014120668,53,0.049671978,0.696744137,42.77354632,1.453275499,16.75044784,0,0.029846529,0.086628409,0.48429967,46.30603529,9.761379726
3.7067E+11,0,2252,907,1083,1603,0.711811723,1423,0.631882771,425,0.322213798,190,0.084369449,150,0.06660746,84,0.077562327,0.696744137,42.77354632,1.453275499,0,0,0.02860687,0.10870828,0.429508038,46.30603529,9.761379726
3.7067E+11,0,1118,622,622,551,0.492844365,556,0.497316637,129,0.169291339,137,0.12254025,369,0.330053667,78,0.125401929,0.696744137,42.77354632,1.453275499,12.91014408,6.2E-10,0.030431931,0.070462454,0.440621687,46.30603529,9.761379726
3.7067E+11,0,1763,518,583,1524,0.864435621,1006,0.570618264,192,0.182336182,115,0.065229722,144,0.081678956,350,0.600343053,0.855611767,45.41409231,1.627288146,457.3723758,4.12E-09,0.027431678,0.251498413,1.428853542,46.37885817,9.778132329
3.7067E+11,0,1171,645,740,804,0.686592656,749,0.639624253,147,0.240983607,73,0.06233988,41,0.03501281,58,0.078378378,0.855611767,45.41409231,1.627288146,431.3392624,0,0.00884354,0.163080554,0.752933949,46.37885817,9.778132329
3.7067E+11,0,1831,608,854,1408,0.7689787,1499,0.818678318,148,0.225609756,186,0.101583834,0,0,12,0.014051522,0.855611767,45.41409231,1.627288146,269.123567,0,0.028569588,0.089221926,0.815603538,46.37885817,9.778132329
3.7067E+11,0,1759,840,948,1099,0.624786811,939,0.583229814,167,0.12556391,123,0.069926094,604,0.343376919,10,0.010548523,0.855611767,45.41409231,1.627288146,221.4921153,6.7E-10,0.028689064,0.193147768,0.842714563,46.37885817,9.778132329
3.7067E+11,0,2533,968,1086,2124,0.838531386,2228,0.87958942,385,0.307507987,205,0.080931702,225,0.088827477,62,0.057090239,0.788172636,46.85216384,1.723228212,127.8576549,3.761E-08,0.027516325,0.55246395,2.608307912,46.56190327,9.815918904
3.7067E+11,0,1775,1015,1156,530,0.298591549,783,0.504510309,7,0.007007007,15,0.008450704,334,0.188169014,81,0.070069204,0.788172636,46.85216384,1.723228212,779.4984053,7.67E-09,0.028682957,0.337270676,1.200065536,46.56190327,9.815918904
3.7067E+11,0,1732,825,825,1157,0.668013857,1132,0.653579677,76,0.069533394,233,0.134526559,80,0.046189376,129,0.156363636,0.788172636,46.85216384,1.723228212,35.08226393,4.5E-09,0.029400491,0.179236597,0.750621843,46.56190327,9.815918904
3.7067E+11,0,761,412,556,461,0.605781866,291,0.38239159,73,0.131531532,69,0.090670171,0,0,0,0,0.788172636,46.85216384,1.723228212,1466.310247,8.27E-09,0.028389747,0.270548503,1.374832079,46.56190327,9.815918904
3.7067E+11,0,1046,428,457,63,0.060229446,197,0.18833652,89,0.110972569,63,0.060229446,228,0.217973231,69,0.150984683,0.318888886,37.29276552,1.104093068,3.351597606,0.000315378,0.038301123,0.270757495,0.25291603,45.45485229,9.554806027
3.7067E+11,0,950,389,440,111,0.116842105,378,0.397894737,52,0.070365359,14,0.014736842,115,0.121052632,93,0.211363636,0.318888886,37.29276552,1.104093068,1.079725457,0.000199192,0.036841635,0.334071352,0.281128762,45.45485229,9.554806027
3.7067E+11,0,1950,841,962,353,0.181025641,521,0.267866324,86,0.057602143,65,0.033333333,377,0.193333333,146,0.151767152,0.318888886,37.29276552,1.104093068,0.414066456,0,0.027464588,0.149244633,0.840546648,45.45485229,9.554806027
3.7067E+11,0,1435,510,519,636,0.443205575,780,0.543554007,143,0.147574819,118,0.082229965,251,0.174912892,47,0.090558767,0.46318321,39.43331659,1.244681119,31.99397258,0,0.030149375,0.056442961,0.710004748,46.06249935,9.703749589
3.7067E+11,0,1058,390,390,459,0.433837429,326,0.308128544,56,0.07106599,77,0.072778828,184,0.173913043,106,0.271794872,0.46318321,39.43331659,1.244681119,14.41158728,0,0.029932418,0.067867175,0.383990139,46.06249935,9.703749589
3.7067E+11,0,1574,527,574,1147,0.728716645,999,0.634688691,248,0.29245283,210,0.133418043,142,0.09021601,40,0.069686411,0.46318321,39.43331659,1.244681119,1.64573787,0,0.009382809,0.114070659,0.484260471,46.06249935,9.703749589
3.7067E+11,1,1028,421,458,672,0.653696498,500,0.575373993,89,0.152658662,100,0.097276265,171,0.166342412,0,0,0.636295483,43.94833647,1.519348768,323.0667045,0,0.022446972,0.158483481,0.346836458,46.07607647,9.728520548
3.7067E+11,1,2229,898,989,1332,0.597577389,1111,0.543010753,374,0.227355623,25,0.011215792,397,0.178106774,165,0.166835187,0.636295483,43.94833647,1.519348768,446.4653737,0,0.02769249,0.111217608,0.238233077,46.07607647,9.728520548
3.7067E+11,1,1814,737,824,767,0.422822492,451,0.24862183,83,0.06484375,21,0.011576626,233,0.128445424,98,0.118932039,0.381876526,39.0024497,1.228540095,4.850865102,0,0.019023089,0.056167874,0.214268851,45.6008719,9.629011233
3.7067E+11,1,1066,451,495,172,0.161350844,274,0.258246937,75,0.084841629,14,0.013133208,262,0.245778612,48,0.096969697,0.381876526,39.0024497,1.228540095,3.666514269,0,0.025843268,0.04683664,0.164399469,45.6008719,9.629011233
3.7067E+11,0,2549,966,987,1253,0.49156532,949,0.372302864,393,0.250957854,248,0.097293056,331,0.129854845,339,0.343465046,0.381876526,39.0024497,1.228540095,17.77578091,0,0.025017702,0.088018237,0.701431261,45.6008719,9.629011233
3.7067E+11,0,1813,779,906,515,0.28405957,653,0.360176503,148,0.113409962,66,0.036403751,316,0.174296746,97,0.107064018,0.368213722,38.88619454,1.230836263,59.40251134,0,0.02812568,0.087357432,1.496921659,45.51320261,9.603832329
3.7067E+11,0,1575,648,719,91,0.057777778,250,0.159134309,79,0.068815331,82,0.052063492,190,0.120634921,92,0.127955494,0.368213722,38.88619454,1.230836263,66.48610569,0,0.02848448,0.079860605,1.20937548,45.51320261,9.603832329
3.7067E+11,0,1088,479,515,342,0.314338235,161,0.147977941,37,0.041760722,41,0.037683824,366,0.336397059,22,0.042718447,0.333815125,38.13855557,1.180546827,2.130751107,0,0.026574116,0.102614927,0.922451277,45.65208562,9.61207589
3.7067E+11,0,1147,463,529,168,0.14646905,236,0.205754141,87,0.095290252,19,0.016564952,163,0.142109852,122,0.230623819,0.333815125,38.13855557,1.180546827,170.218241,0,0.030864144,0.096703262,1.488477567,45.65208562,9.61207589
3.7067E+11,1,1217,504,647,456,0.374691865,749,0.615447823,147,0.158918919,118,0.096959737,187,0.153656532,296,0.457496136,0.391502276,40.00081182,1.328708899,7.809434591,0,0.024998448,0.207216179,0.897362287,45.77353399,9.706086027
3.7067E+11,1,1707,683,817,345,0.202108963,812,0.478773585,293,0.222137983,48,0.028119508,314,0.183948448,185,0.226438188,0.391502276,40.00081182,1.328708899,0.82039449,0,0.024582182,0.102001601,0.110461774,45.77353399,9.706086027
3.7067E+11,1,1765,635,655,1213,0.687252125,539,0.305382436,129,0.118023788,95,0.053824363,261,0.147875354,115,0.175572519,0.391502276,40.00081182,1.328708899,22.28933489,0,0.018344897,0.114314613,0.748064361,45.77353399,9.706086027
3.7067E+11,1,584,243,299,418,0.715753425,361,0.618150685,75,0.153061224,0,0,129,0.220890411,158,0.528428094,0.508693016,40.08920389,1.348726511,2.134517985,0,0.024209495,0.382746676,1.722405674,46.38107516,9.812535342
3.7067E+11,1,1705,608,721,822,0.482111437,1076,0.679292929,277,0.244916004,86,0.050439883,339,0.198826979,162,0.224687933,0.508693016,40.08920389,1.348726511,0.341627916,0,0.022831662,0.147756011,0.261741772,46.38107516,9.812535342
3.7067E+11,1,684,285,310,229,0.334795322,438,0.640350877,150,0.27027027,42,0.061403509,118,0.17251462,143,0.461290323,0.508693016,40.08920389,1.348726511,0,0,0.024141602,0.20138218,0.702692456,46.38107516,9.812535342
3.7067E+11,1,749,273,286,141,0.188251001,364,0.491891892,85,0.155963303,8,0.010680908,106,0.141522029,58,0.202797203,0.508693016,40.08920389,1.348726511,0,0,0.023763083,0.136040795,0.138633037,46.38107516,9.812535342
3.7067E+11,1,1561,678,766,163,0.104420243,582,0.376943005,259,0.207532051,29,0.018577835,284,0.181934657,246,0.321148825,0.377558049,38.43823244,1.227934958,1.371664474,0,0.014210851,0.059645262,0.065621181,45.90964444,9.741454247
3.7067E+11,1,584,231,264,14,0.023972603,181,0.309931507,33,0.074660633,37,0.063356164,62,0.106164384,34,0.128787879,0.377558049,38.43823244,1.227934958,3.023435858,0,0.021961805,0.041146524,0.02830697,45.90964444,9.741454247
3.7067E+11,1,1803,554,600,1679,0.931225735,1064,0.590127565,132,0.124645892,152,0.084303938,202,0.112035496,221,0.368333333,0.504723601,40.29612484,1.363003674,2.828138756,0,0.023272552,0.309085386,1.218706686,46.72966078,9.893872329
3.7067E+11,1,1423,580,610,643,0.451862263,577,0.405481377,61,0.063409563,33,0.023190443,286,0.200983837,80,0.131147541,0.504723601,40.29612484,1.363003674,66.41292838,0.005538198,0.021923073,0.169846052,0.793072407,46.72966078,9.893872329
3.7067E+11,1,1153,479,516,174,0.150910668,351,0.304423244,170,0.197215777,76,0.065915004,233,0.202081526,118,0.228682171,0.504723601,40.29612484,1.363003674,120.0305651,0.001185897,0.021402684,0.119113553,0.222677163,46.72966078,9.893872329
3.7067E+11,1,1287,608,668,327,0.254079254,375,0.306122449,115,0.121693122,60,0.046620047,177,0.137529138,158,0.236526946,0.509977012,40.24523204,1.350934614,296.3589596,0.02335518,0.020555647,0.14209108,0.81736509,47.00525882,9.953823836
3.7067E+11,1,1757,693,721,443,0.25213432,560,0.3187251,107,0.090295359,93,0.052931133,239,0.136027319,96,0.133148405,0.509977012,40.24523204,1.350934614,81.60339391,0.002996722,0.01974551,0.077778845,0.480616104,47.00525882,9.953823836
3.7067E+11,1,2109,838,914,229,0.108582266,801,0.379800853,116,0.083633742,143,0.067804647,303,0.143669986,52,0.056892779,0.993700531,44.52074009,1.702279565,211.1911181,0.005300832,0.01809476,0.09129152,0.879820335,47.19460588,10.02765562
3.7067E+11,1,1517,685,685,249,0.16413975,214,0.141067897,68,0.056808688,12,0.007910349,394,0.259723138,27,0.039416058,0.993700531,44.52074009,1.702279565,280.9712661,0,0.01960215,0.053806329,0.915546594,47.19460588,10.02765562
3.7067E+11,1,1673,543,594,166,0.099222953,106,0.063359235,30,0.027297543,40,0.023909145,105,0.062761506,14,0.023569024,0.401984405,38.5494105,1.234597707,2.377419536,0,0.019104229,0.064196378,0.392372482,46.5690915,9.936387671
3.7067E+11,1,1813,661,754,522,0.287920574,981,0.541092113,255,0.200629426,123,0.067843354,278,0.15333701,102,0.135278515,0.401984405,38.5494105,1.234597707,22.52799515,0,0.016130653,0.083839672,0.230438226,46.5690915,9.936387671
3.7067E+11,1,2124,863,863,291,0.13700565,175,0.082391714,120,0.070134424,83,0.039077213,336,0.15819209,87,0.100811124,0.401984405,38.5494105,1.234597707,10.06110106,0,0.01812276,0.075433709,0.114518651,46.5690915,9.936387671
3.7067E+11,1,2023,696,751,760,0.375679684,1315,0.650024716,115,0.091487669,196,0.096885813,172,0.085022244,188,0.250332889,0.428976553,38.70597863,1.254384321,4.183179046,0,0.02100619,0.077563468,0.080956021,46.32744641,9.842801096
3.7067E+11,1,1960,679,809,203,0.103571429,261,0.133163265,98,0.073134328,111,0.056632653,262,0.133673469,30,0.037082818,0.428976553,38.70597863,1.254384321,56.92402763,0,0.012606376,0.090964847,0.13389639,46.32744641,9.842801096
3.7067E+11,1,2110,905,1060,141,0.066824645,385,0.183420677,177,0.111531191,86,0.040758294,323,0.153080569,131,0.123584906,0.356909849,38.16365327,1.207769914,21.46749641,0.419363963,0.015888557,0.134373531,0.063564714,46.07575098,9.806482466
3.7067E+11,1,666,243,271,37,0.055555556,85,0.127627628,40,0.083682008,33,0.04954955,115,0.172672673,15,0.055350554,0.356909849,38.16365327,1.207769914,1.532622415,0,0.009784204,0.103896893,0.103165035,46.07575098,9.806482466
3.7067E+11,1,1031,435,483,237,0.229873909,511,0.495635306,84,0.122807018,112,0.108632396,119,0.11542192,50,0.103519669,0.513717823,39.76021188,1.311307932,4.145755757,0,0.019477697,0.051916678,1.082588909,46.89423529,9.992307123
3.7067E+11,1,3244,1276,1429,573,0.176633785,951,0.293156597,263,0.116371681,142,0.04377312,514,0.158446363,48,0.033589923,0.513717823,39.76021188,1.311307932,5.279266059,0,0.015608971,0.070179667,0.906600442,46.89423529,9.992307123
3.7067E+11,1,3067,1056,1190,1558,0.507988262,1461,0.491588156,519,0.262386249,248,0.080860776,476,0.155200522,110,0.092436975,0.529885909,40.51135552,1.337028682,0.696551642,0,0.01793215,0.064136133,0.733811804,46.9032085,10.03103918
3.7067E+11,1,964,385,385,332,0.34439834,484,0.502074689,71,0.093915344,82,0.085062241,253,0.262448133,6,0.015584416,0.529885909,40.51135552,1.337028682,2.049461454,0,0.012346824,0.078965905,1.487765977,46.9032085,10.03103918
3.7067E+11,1,1199,455,495,409,0.341117598,128,0.10675563,76,0.086857143,54,0.045037531,227,0.189324437,10,0.02020202,0.748521583,43.40593679,1.552461312,18.01414525,0,0.019423705,0.050054933,1.360466012,47.11683529,10.05146904
3.7067E+11,1,782,368,438,131,0.167519182,73,0.093350384,5,0.007727975,17,0.02173913,207,0.264705882,39,0.089041096,0.748521583,43.40593679,1.552461312,62.00427225,0,0.019358376,0.081587437,1.146733082,47.11683529,10.05146904
3.7067E+11,1,1798,866,926,509,0.283092325,579,0.323825503,195,0.132924335,40,0.022246941,401,0.223025584,104,0.112311015,0.748521583,43.40593679,1.552461312,14.81815942,0,0.018820825,0.071584318,1.743823783,47.11683529,10.05146904
3.7067E+11,1,825,292,292,288,0.349090909,427,0.517575758,62,0.137168142,30,0.036363636,76,0.092121212,186,0.636986301,0.748521583,43.40593679,1.552461312,36.74276538,0,0.010394473,0.073543415,2.366252218,47.11683529,10.05146904
3.7067E+11,1,1538,633,721,473,0.307542263,778,0.505851756,194,0.201873049,112,0.072821847,272,0.176853056,73,0.101248266,0.739933157,43.82517984,1.567560736,961.7622875,0,0.018441861,0.063707947,2.919665295,47.12798301,10.09327123
3.7067E+11,1,775,276,308,530,0.683870968,661,0.852903226,169,0.416256158,9,0.011612903,59,0.076129032,124,0.402597403,0.739933157,43.82517984,1.567560736,11.98106994,0,0.018148226,0.081567939,2.636259847,47.12798301,10.09327123
3.7067E+11,1,1618,710,832,139,0.085908529,236,0.147223955,51,0.040572792,38,0.023485785,339,0.209517923,41,0.049278846,0.739933157,43.82517984,1.567560736,98.23281255,0,0.016891291,0.07596238,1.445157086,47.12798301,10.09327123
3.7067E+11,1,1674,624,631,290,0.173237754,317,0.189366786,69,0.058623619,87,0.051971326,310,0.185185185,22,0.034865293,0.730497967,42.93671746,1.565296113,218.9454727,8.25632E-06,0.012542001,0.085933353,0.97556932,47.35627582,10.0993726
3.7067E+11,1,1973,949,1072,705,0.357323872,679,0.344145971,91,0.065046462,169,0.085656361,238,0.120628485,84,0.078358209,0.730497967,42.93671746,1.565296113,618.4918114,0,0.018859741,0.046789528,1.332269813,47.35627582,10.0993726
3.7067E+11,1,2461,907,947,425,0.172694027,365,0.148313694,119,0.072782875,145,0.058919139,194,0.078829744,213,0.224920803,0.677505572,41.69482187,1.48013795,192.4423825,0.003564345,0.020045112,0.10940887,0.855093477,47.46501503,10.09181233
3.7067E+11,1,946,364,364,59,0.062367865,40,0.042283298,14,0.019774011,84,0.088794926,195,0.206131078,36,0.098901099,0.677505572,41.69482187,1.48013795,13.99309295,0,0.019712378,0.056117558,0.830238832,47.46501503,10.09181233
3.7067E+11,1,4020,1476,1487,1385,0.344527363,673,0.167412935,78,0.028037383,255,0.063432836,460,0.114427861,13,0.008742434,0.677505572,41.69482187,1.48013795,220.4705823,0,0.018019535,0.079593699,0.70702515,47.46501503,10.09181233
3.7067E+11,1,680,275,330,141,0.207352941,172,0.254814815,29,0.059063136,58,0.085294118,115,0.169117647,24,0.072727273,0.677505572,41.69482187,1.48013795,666.8365979,0,0.019710384,0.086694596,0.881562533,47.46501503,10.09181233
3.7067E+11,1,396,219,352,223,0.563131313,249,0.628787879,90,0.314685315,52,0.131313131,51,0.128787879,0,0,0.560423586,41.28243228,1.442907413,1660.824566,0.020395463,0.020654999,0.252052922,1.047098481,47.44858301,10.04175753
3.7067E+11,1,1479,537,598,1280,0.865449628,700,0.496102055,84,0.072727273,0,0,211,0.142663962,102,0.170568562,0.560423586,41.28243228,1.442907413,16.6653698,0.006266696,0.022662862,0.383224731,1.261294829,47.44858301,10.04175753
3.7067E+11,1,3526,1093,1128,1903,0.539705048,1342,0.383209595,266,0.140517697,406,0.11514464,228,0.064662507,175,0.155141844,0.560423586,41.28243228,1.442907413,22.30972743,0.002519304,0.021393124,0.136381738,1.082840076,47.44858301,10.04175753
3.7067E+11,1,2535,817,908,1579,0.622879684,1031,0.406706114,96,0.064646465,194,0.0765286,146,0.057593688,213,0.234581498,0.645297763,41.44482285,1.454925392,213.2805576,0.001261095,0.01657521,0.168154271,2.46326884,47.6454366,10.11498521
3.7067E+11,1,2031,760,760,590,0.290497292,785,0.386509109,102,0.078947368,149,0.073362875,154,0.075824717,102,0.134210526,0.645297763,41.44482285,1.454925392,309.3448704,0,0.020558812,0.114381909,1.04310675,47.6454366,10.11498521
3.7067E+11,1,1859,695,739,591,0.317912856,258,0.138784293,85,0.068881686,88,0.047337278,160,0.086067778,64,0.086603518,0.503301265,40.40208763,1.382610684,54.54514936,0,0.018661542,0.115573476,1.175080513,47.76301895,10.17531973
3.7067E+11,1,2770,1185,1314,333,0.120216607,800,0.288808664,110,0.054000982,185,0.066787004,478,0.172563177,94,0.071537291,0.454951,40.23108787,1.350386946,134.0750358,9.3493E-07,0.017130803,0.067744359,0.701106957,47.65311895,10.21127479
3.7067E+11,1,1548,620,719,230,0.148578811,816,0.555102041,121,0.105400697,46,0.029715762,308,0.198966408,186,0.258692629,0.461556106,40.20594535,1.337637833,56.419946,4.1944E-07,0.012108659,0.135865184,0.147594168,47.63940915,10.29713425
3.7067E+11,1,1131,646,710,146,0.129089302,332,0.293545535,84,0.093126386,62,0.054818744,183,0.161803714,48,0.067605634,0.507829752,41.2132872,1.399941805,1247.133118,0,0.017523526,0.07891005,1.283123536,47.49892222,10.23441233
3.7067E+11,1,2096,814,814,355,0.169370229,534,0.254770992,73,0.052631579,94,0.044847328,318,0.151717557,87,0.106879607,0.507829752,41.2132872,1.399941805,1.425916163,6.7575E-07,0.017068563,0.107272021,0.360298908,47.49892222,10.23441233
3.7067E+11,1,1434,541,551,258,0.179916318,211,0.147140865,89,0.090447154,44,0.030683403,275,0.191771269,67,0.121597096,0.593314129,41.82012355,1.43092037,176.3571003,0,0.017140165,0.06196955,1.379573112,47.35193072,10.15619178
3.7067E+11,1,2207,1185,1316,587,0.265971908,1229,0.561957019,230,0.151415405,154,0.069777979,346,0.156773901,55,0.041793313,0.593314129,41.82012355,1.43092037,485.3179584,0,0.016810026,0.073678592,2.294119299,47.35193072,10.15619178
3.7067E+11,1,898,325,374,120,0.13363029,319,0.355233853,160,0.24024024,63,0.070155902,162,0.180400891,39,0.104278075,0.416310114,40.05995886,1.339338122,67.43991122,0,0.017066441,0.124359415,0.809543571,47.86175817,10.21439397
3.7067E+11,1,1463,597,666,261,0.178400547,646,0.441558442,192,0.171122995,93,0.063568011,278,0.190020506,115,0.172672673,0.416310114,40.05995886,1.339338122,23.48827175,2.576E-08,0.020131186,0.10180815,0.413263411,47.86175817,10.21439397
3.7067E+11,1,2379,844,980,1511,0.635140815,1373,0.577133249,258,0.203309693,255,0.107187894,195,0.081967213,87,0.08877551,0.684162916,42.88693246,1.611942462,420.8473967,0.003742331,0.022164599,0.347428805,0.839548888,47.74932941,10.1373474
3.7067E+11,1,839,255,310,769,0.916567342,718,0.855780691,183,0.502747253,172,0.205005959,35,0.041716329,22,0.070967742,0.684162916,42.88693246,1.611942462,827.093941,0,0.021657171,0.207456003,1.082874328,47.74932941,10.1373474
3.7067E+11,1,1662,616,698,1284,0.772563177,1283,0.771961492,326,0.340647858,142,0.08543923,185,0.111311673,424,0.607449857,0.985098409,44.92945641,1.778961964,722.3167838,0.064092706,0.023105342,0.49631517,1.461098484,47.6526085,10.10962603
3.7067E+11,1,2341,783,919,1914,0.817599317,2044,0.873131141,519,0.37527115,210,0.089705254,109,0.046561299,242,0.263329706,0.985098409,44.92945641,1.778961964,450.2453259,0.001374149,0.021800058,0.210963103,1.387138214,47.6526085,10.10962603
3.7067E+11,1,1392,431,603,1198,0.860632184,995,0.813573181,225,0.31512605,107,0.076867816,155,0.111350575,140,0.232172471,0.524700932,42.73778147,1.652116179,383.2057408,0.093121733,0.004614974,0.586892778,1.000924936,47.79572745,10.16260027
3.7067E+11,1,681,269,373,603,0.885462555,562,0.825256975,148,0.4,0,0,77,0.113069016,260,0.697050938,0.524700932,42.73778147,1.652116179,1632.411657,0.158226891,0.023507684,0.674141839,1.899214271,47.79572745,10.16260027
3.7067E+11,1,602,307,442,312,0.518272425,363,0.602990033,121,0.234042553,0,0,155,0.257475083,214,0.484162896,0.524700932,42.73778147,1.652116179,49.11585351,0.167329818,0.023523284,0.65882218,1.293879858,47.79572745,10.16260027
3.7067E+11,1,1922,755,950,972,0.505723205,762,0.401475237,51,0.045414069,199,0.103537981,143,0.074401665,89,0.093684211,0.524700932,42.73778147,1.652116179,38.08264828,0.02616476,0.018101206,0.425737394,0.45794012,47.79572745,10.16260027
3.7067E+11,0,1444,483,483,1064,0.736842105,510,0.353185596,55,0.068069307,104,0.072022161,88,0.060941828,0,0,0.524700932,42.73778147,1.652116179,15.08918456,0.02087731,0.022964466,0.851750778,0.460261403,47.79572745,10.16260027
3.7067E+11,1,650,215,251,354,0.544615385,461,0.709230769,121,0.323529412,109,0.167692308,85,0.130769231,207,0.824701195,0.655594261,43.46828486,1.612303551,576.8505281,0.119945241,0.024034003,0.74675218,1.104756088,47.78288235,10.15217753
3.7067E+11,1,4560,1586,1632,2500,0.548245614,1876,0.411403509,578,0.200694444,611,0.133991228,394,0.086403509,537,0.329044118,0.655594261,43.46828486,1.612303551,134.7328019,0.047230199,0.021027441,0.593389984,0.950516775,47.78288235,10.15217753
3.7067E+11,1,1641,709,709,425,0.258988422,602,0.366849482,195,0.156500803,64,0.039000609,325,0.19804997,106,0.149506347,0.655594261,43.46828486,1.612303551,126.4034938,0,0.021724979,0.567690633,0.293458031,47.78288235,10.15217753
3.7067E+11,0,1661,737,775,1372,0.826008429,1443,0.868753763,341,0.400234742,107,0.064419025,72,0.043347381,52,0.067096774,0.849230176,45.07584891,1.640827655,1123.31782,0.060192696,0.02657198,0.237022188,2.272424321,47.56406993,10.03990904
3.7067E+11,0,1738,956,1102,627,0.360759494,678,0.390103567,68,0.057627119,92,0.052934407,188,0.108170311,133,0.120689655,0.849230176,45.07584891,1.640827655,911.4607364,0.044941025,0.024531539,0.237786726,2.130728958,47.56406993,10.03990904
3.7067E+11,0,1455,746,809,1042,0.716151203,633,0.435051546,85,0.091693635,168,0.115463918,130,0.089347079,25,0.030902349,0.849230176,45.07584891,1.640827655,433.3336088,0.005560657,0.018433511,0.422870179,2.784558144,47.56406993,10.03990904
3.7067E+11,0,2715,1219,1301,1234,0.454511971,1134,0.417679558,133,0.064814815,35,0.012891344,443,0.163167587,114,0.087624904,0.727651922,43.95939849,1.558533093,43.45926865,0.007913295,0.026558719,0.170362318,2.200216761,47.67010588,10.06699644
3.7067E+11,0,740,319,345,204,0.275675676,229,0.309459459,50,0.09765625,55,0.074324324,53,0.071621622,116,0.336231884,0.727651922,43.95939849,1.558533093,9.135545744,0.003881526,0.026629032,0.162841955,1.103489234,47.67010588,10.06699644
3.7067E+11,0,1052,453,537,495,0.470532319,319,0.303231939,87,0.097752809,24,0.022813688,123,0.116920152,92,0.17132216,0.727651922,43.95939849,1.558533093,14.01034141,0.002424404,0.014852283,0.249301443,1.709151664,47.67010588,10.06699644
3.7067E+11,0,1646,570,640,573,0.348116646,328,0.19927096,62,0.053310404,130,0.078979344,154,0.093560146,162,0.253125,0.612188099,42.88073008,1.534773157,10.5290986,0.001524324,0.021261284,0.21542746,0.481036008,47.76570915,10.13023589
3.7067E+11,0,1569,700,775,498,0.317399618,158,0.100701083,49,0.041176471,99,0.063097514,145,0.092415551,36,0.046451613,0.612188099,42.88073008,1.534773157,8.915454757,0.001228195,0.025849183,0.18860847,0.307666662,47.76570915,10.13023589
3.7067E+11,0,1168,450,450,180,0.154109589,325,0.278253425,47,0.057457213,239,0.204623288,133,0.113869863,29,0.064444444,0.612188099,42.88073008,1.534773157,7.218915756,0,0.006266744,0.130904336,0.129834585,47.76570915,10.13023589
3.7067E+11,0,2487,933,1001,1804,0.725371934,798,0.320868516,124,0.084468665,69,0.02774427,187,0.075190993,37,0.036963037,0.612188099,42.88073008,1.534773157,380.0314352,1.65078E-06,0.024951281,0.333288868,0.449149016,47.76570915,10.13023589
3.7067E+11,0,2181,1133,1207,573,0.262723521,463,0.212287941,104,0.05453592,96,0.044016506,597,0.273727648,150,0.124275062,0.554169792,44.37937587,1.585400135,910.4287756,0.017526983,0.022894421,0.180066501,2.155006971,47.69962092,10.07675863
3.7067E+11,0,2774,1165,1222,634,0.228550829,531,0.191420332,103,0.051967709,160,0.057678443,318,0.114635905,242,0.198036007,0.554169792,44.37937587,1.585400135,27.22983901,0.020725017,0.026619462,0.112783437,1.110134985,47.69962092,10.07675863
3.7067E+11,0,935,450,490,426,0.455614973,303,0.372235872,100,0.134589502,28,0.029946524,291,0.311229947,14,0.028571429,0.637854882,45.21925426,1.613325149,1014.606923,0.005146944,0.027694432,0.148765923,2.640472265,47.59711634,10.02302658
3.7067E+11,0,2021,991,1069,843,0.417120238,426,0.210786739,233,0.155126498,45,0.022266205,527,0.260761999,70,0.065481759,0.637854882,45.21925426,1.613325149,8.307998639,0.018430839,0.028124969,0.0616087,1.504446639,47.59711634,10.02302658
3.7067E+11,0,1474,845,924,697,0.472862958,453,0.307327001,49,0.044871795,35,0.023744912,314,0.21302578,92,0.0995671,0.637854882,45.21925426,1.613325149,4.163847466,0.266199202,0.028940521,0.110487391,1.291612642,47.59711634,10.02302658
3.7067E+11,0,1765,881,919,1065,0.603399433,1019,0.57733711,203,0.175757576,16,0.009065156,268,0.15184136,192,0.208922742,0.946612217,47.91398777,1.80484646,1497.714352,0.000173298,0.021458336,0.056927608,2.03787377,47.38755033,9.975730137
3.7067E+11,0,1625,691,802,1062,0.653538462,697,0.428923077,113,0.109708738,177,0.108923077,245,0.150769231,32,0.039900249,0.946612217,47.91398777,1.80484646,47.9075663,0.130640691,0.026075368,0.075413153,1.274112617,47.38755033,9.975730137
3.7067E+11,0,1726,534,628,1320,0.764774044,1008,0.58400927,293,0.271045328,62,0.035921205,85,0.049246813,110,0.175159236,0.946612217,47.91398777,1.80484646,720.7504098,4.38E-09,0.031002399,0.04540666,0.994506883,47.38755033,9.975730137
3.7067E+11,0,1201,519,621,472,0.393005828,149,0.124063281,21,0.026217228,54,0.044962531,117,0.097418818,0,0,0.946612217,47.91398777,1.80484646,40.93450059,0.198620726,0.020812524,0.107636564,1.547142278,47.38755033,9.975730137
3.7067E+11,0,1515,542,542,617,0.407260726,614,0.407973422,72,0.072361809,129,0.085148515,196,0.129372937,26,0.04797048,0.751515353,44.32912784,1.608987662,27.24995924,0.058526823,0.028135109,0.083967869,0.809745715,47.49301046,9.998344384
3.7067E+11,0,1868,724,749,625,0.334582441,583,0.312098501,111,0.087264151,151,0.080835118,302,0.161670236,72,0.096128171,0.751515353,44.32912784,1.608987662,326.4378989,1.093E-08,0.026152154,0.06729449,0.524339894,47.49301046,9.998344384
3.7067E+11,0,1883,914,1047,838,0.445034519,900,0.483351235,183,0.131276901,88,0.046733935,272,0.144450345,350,0.334288443,1.04036871,48.87351499,1.932089778,580.7750522,5.61E-09,0.011103513,0.128526899,1.346433956,47.24016275,9.945029863
3.7067E+11,0,1598,831,977,1303,0.815394243,958,0.599499374,119,0.132075472,126,0.078848561,124,0.077596996,25,0.025588536,1.04036871,48.87351499,1.932089778,2865.650519,4.67E-09,0.030490302,0.107506051,1.054799398,47.24016275,9.945029863
3.7067E+11,0,1039,350,392,700,0.673724735,838,0.806544755,100,0.196463654,59,0.056785371,20,0.019249278,17,0.043367347,1.04036871,48.87351499,1.932089778,788.3839483,6.36E-09,0.031040942,0.107046882,0.905302579,47.24016275,9.945029863
3.7067E+11,0,1733,864,864,631,0.364108482,212,0.122331218,27,0.020164302,66,0.038084247,471,0.271783035,69,0.079861111,0.638578633,43.57524932,1.522310595,255.8428963,4.6E-09,0.032922705,0.045175343,0.171721214,47.20046797,9.931515342
3.7067E+11,0,2368,1104,1136,1138,0.480574324,1147,0.484375,150,0.092137592,82,0.034628378,194,0.081925676,131,0.115316901,0.638578633,43.57524932,1.522310595,679.9875399,2.187E-08,0.032414465,0.055957445,0.66388801,47.20046797,9.931515342
3.7067E+11,0,1335,638,654,310,0.232209738,238,0.178277154,68,0.065700483,64,0.047940075,302,0.226217228,42,0.064220183,0.638578633,43.57524932,1.522310595,479.1532351,1.503E-08,0.032105828,0.083170064,0.601514187,47.20046797,9.931515342
3.7067E+11,0,1048,458,474,348,0.332061069,73,0.07012488,0,0,111,0.105916031,168,0.160305344,17,0.035864979,0.638578633,43.57524932,1.522310595,447.4024594,6.41E-09,0.033269123,0.081430335,0.259535506,47.20046797,9.931515342
3.7067E+11,0,1777,1037,1217,717,0.403489026,793,0.446257738,70,0.054221534,109,0.061339336,207,0.116488464,115,0.094494659,0.697409348,44.87247485,1.580573378,15.6683923,2.569E-08,0.025501026,0.10321783,0.72893363,47.12061503,9.915365479
3.7067E+11,0,1641,817,977,348,0.212065814,425,0.258988422,47,0.03942953,59,0.035953687,456,0.277879342,226,0.231320368,0.697409348,44.87247485,1.580573378,243.1089021,1.875E-08,0.01374549,0.109918951,0.872903863,47.12061503,9.915365479
3.7067E+11,0,1112,437,489,34,0.03057554,24,0.021582734,0,0,103,0.092625899,218,0.196043165,115,0.235173824,0.605079003,44.89641717,1.568224325,216.7587671,1.979E-08,0.030537509,0.088170692,0.655283931,47.00838366,9.903116164
3.7067E+11,0,492,229,229,47,0.095528455,47,0.095528455,8,0.017897092,20,0.040650407,223,0.453252033,117,0.510917031,0.605079003,44.89641717,1.568224325,430.2433723,1.923E-08,0.014776556,0.062477982,0.613146095,47.00838366,9.903116164
3.7067E+11,0,2024,712,712,237,0.117094862,483,0.240179015,82,0.058739255,175,0.086462451,386,0.190711462,74,0.103932584,0.605079003,44.89641717,1.568224325,6.423386672,1.588E-08,0.03156896,0.107613966,0.518608931,47.00838366,9.903116164
3.7067E+11,0,1612,689,725,95,0.058933002,158,0.098014888,37,0.029225908,76,0.047146402,428,0.265508685,128,0.176551724,0.539132628,43.17306158,1.46028104,3.945952251,5.62E-09,0.031429356,0.087115336,0.211645489,46.8514268,9.867787123
3.7067E+11,0,1384,475,475,15,0.01083815,80,0.057803468,14,0.014553015,47,0.033959538,181,0.130780347,10,0.021052632,0.539132628,43.17306158,1.46028104,10.46518329,3.3E-09,0.032595962,0.113312017,0.219458015,46.8514268,9.867787123
3.7067E+11,0,1225,519,558,22,0.017959184,137,0.111836735,0,0,46,0.03755102,356,0.290612245,29,0.051971326,0.633290606,43.15731177,1.469620095,14.7106156,4.95E-09,0.032229335,0.094959687,0.362012659,46.97716471,9.894912877
3.7067E+11,0,1155,655,736,424,0.367099567,195,0.168831169,48,0.049586777,63,0.054545455,234,0.202597403,13,0.017663043,0.633290606,43.15731177,1.469620095,11.33618504,4.83E-09,0.033629725,0.093220805,0.212428567,46.97716471,9.894912877
3.7067E+11,0,1999,762,796,579,0.289644822,503,0.251625813,33,0.023157895,76,0.03801901,287,0.143571786,17,0.021356784,0.633290606,43.15731177,1.469620095,12.14545909,4.31E-09,0.033322441,0.096858735,0.179705524,46.97716471,9.894912877
3.7067E+11,0,1442,659,681,191,0.132454924,352,0.244105409,42,0.038745387,58,0.040221914,348,0.241331484,38,0.055800294,0.591678016,43.5854842,1.529489268,989.0011101,0.001277783,0.034412647,0.044277686,0.064391351,47.31750261,10.0292326
3.7067E+11,0,2426,819,819,312,0.12860676,191,0.081311196,89,0.054972205,167,0.068837593,534,0.220115416,25,0.030525031,0.591678016,43.5854842,1.529489268,15.85279451,0.001328953,0.028559086,0.067417218,0.125309507,47.31750261,10.0292326
3.7067E+11,0,1150,479,496,46,0.04,40,0.034782609,0,0,9,0.007826087,196,0.170434783,0,0,0.591678016,43.5854842,1.529489268,0.491691108,0.003365501,0.032363765,0.057467831,0.059828027,47.31750261,10.0292326
3.7067E+11,0,2477,951,951,117,0.047234558,824,0.332660476,110,0.062252405,120,0.0484457,597,0.24101736,152,0.159831756,0.393502451,40.29087426,1.276244738,26.30913961,0.000425555,0.048251936,0.054165095,0.041638361,46.59920719,9.855193425
3.7067E+11,0,1941,691,741,363,0.187017002,107,0.055126224,80,0.054347826,99,0.051004637,453,0.233384853,63,0.085020243,0.393502451,40.29087426,1.276244738,17.80436204,0.000764178,0.040526504,0.045504051,0.067433563,46.59920719,9.855193425
3.7067E+11,0,1071,391,473,124,0.115779645,102,0.095238095,16,0.021108179,84,0.078431373,194,0.181139122,13,0.027484144,0.393502451,40.29087426,1.276244738,33.61774169,0,0.035014394,0.033734126,0.025584926,46.59920719,9.855193425
3.7067E+11,0,2329,748,828,585,0.251180764,98,0.042078145,14,0.009234829,141,0.060541005,83,0.035637613,17,0.020531401,0.393502451,40.29087426,1.276244738,6.486549698,0.000440299,0.037011721,0.048261448,0.061719173,46.59920719,9.855193425
3.7067E+11,0,1833,710,710,160,0.087288598,460,0.252608457,32,0.023668639,86,0.046917621,346,0.188761593,97,0.136619718,0.409589488,39.96786797,1.218580982,29.09508247,0.000395478,0.028679069,0.048209844,0.050561619,46.31318039,9.779280822
3.7067E+11,0,2280,889,988,162,0.071052632,313,0.137764085,87,0.052984166,69,0.030263158,376,0.164912281,66,0.066801619,0.409589488,39.96786797,1.218580982,2.837856397,0.003069488,0.042431704,0.067821883,0.041389491,46.31318039,9.779280822
3.7067E+11,0,1637,777,884,220,0.134392181,200,0.12217471,27,0.022058824,92,0.056200367,234,0.142944411,52,0.058823529,0.395957679,40.30869089,1.289651036,4.241103521,6E-10,0.03480403,0.089143161,0.124603599,46.6928366,9.834769041
3.7067E+11,0,791,351,432,0,0,101,0.127686473,6,0.008941878,36,0.04551201,119,0.150442478,47,0.108796296,0.395957679,40.30869089,1.289651036,8.916536989,5.77E-05,0.03915974,0.07419824,0.101231355,46.6928366,9.834769041
3.7067E+11,0,945,325,377,339,0.358730159,93,0.098412698,51,0.083881579,84,0.088888889,99,0.104761905,0,0,0.395957679,40.30869089,1.289651036,1.137503983,0,0.021844061,0.054491519,0.098461605,46.6928366,9.834769041
3.7067E+11,0,2478,892,954,303,0.122276029,216,0.08716707,72,0.041836142,169,0.068200161,355,0.143260694,29,0.030398323,0.527300629,41.5365231,1.360187566,14.68041062,0,0.037993452,0.049201454,0.078999711,46.81643333,9.865287671
3.7067E+11,0,2078,936,1132,412,0.198267565,815,0.392204042,12,0.007566204,118,0.056785371,210,0.10105871,25,0.022084806,0.527300629,41.5365231,1.360187566,146.398106,0,0.03965018,0.05981566,0.056793245,46.81643333,9.865287671
3.7067E+11,0,1128,441,473,136,0.120567376,155,0.137411348,76,0.092570037,51,0.045212766,241,0.213652482,13,0.027484144,0.527300629,41.5365231,1.360187566,246.3955026,1.92E-09,0.031662382,0.07265341,0.12023035,46.81643333,9.865287671
3.7067E+11,0,1914,557,624,511,0.266980146,687,0.358934169,26,0.026395939,250,0.13061651,132,0.068965517,66,0.105769231,0.529820113,41.47461342,1.374819432,43.3656622,2.3E-09,0.034716233,0.030103696,0.055162773,47.13669346,9.931483014
3.7067E+11,0,1687,740,892,677,0.40130409,289,0.173991571,116,0.094079481,118,0.069946651,264,0.156490812,48,0.053811659,0.529820113,41.47461342,1.374819432,54.59858673,6.71738E-05,0.035762199,0.058919298,0.092472042,47.13669346,9.931483014
3.7067E+11,0,1036,317,460,422,0.407335907,402,0.416149068,92,0.139183056,7,0.006756757,105,0.101351351,23,0.05,0.529820113,41.47461342,1.374819432,724.5238819,2.32E-09,0.027152089,0.059680464,0.133378471,47.13669346,9.931483014
3.7067E+11,0,990,420,420,340,0.343434343,142,0.143434343,28,0.042424242,84,0.084848485,157,0.158585859,20,0.047619048,0.529820113,41.47461342,1.374819432,34.28904283,3.1E-09,0.034613873,0.072132768,0.189602917,47.13669346,9.931483014
3.7067E+11,0,1968,751,781,821,0.417174797,982,0.49898374,226,0.185245902,191,0.097052846,242,0.12296748,7,0.008962868,0.699487032,43.18162156,1.510971496,839.8904506,2.84E-09,0.02973937,0.050823538,0.212479207,47.23427386,9.969432329
3.7067E+11,0,1279,588,630,55,0.043002346,182,0.142298671,20,0.021344717,93,0.072713057,317,0.247849883,55,0.087301587,0.699487032,43.18162156,1.510971496,154.0596569,0.000615443,0.035434868,0.037516597,0.026266083,47.23427386,9.969432329
3.7067E+11,0,2030,918,963,189,0.093103448,390,0.19335647,44,0.028739386,47,0.023152709,522,0.257142857,48,0.049844237,0.65023889,43.40559877,1.515579596,139.7745429,3.15E-09,0.028407638,0.074787442,0.245292134,47.44383529,10.00773836
3.7067E+11,0,706,331,391,41,0.058073654,99,0.140226629,0,0,14,0.019830028,106,0.150141643,81,0.207161125,0.65023889,43.40559877,1.515579596,23.50197999,0.002493695,0.031884854,0.003087375,0.000286761,47.44383529,10.00773836
3.7067E+11,0,1448,618,618,252,0.174033149,694,0.482614743,149,0.156512605,110,0.075966851,282,0.194751381,112,0.181229773,0.460776756,41.7116566,1.421642494,7.992464401,6.8E-10,0.019958922,0.079219228,0.214665493,47.53856405,10.06685808
3.7067E+11,0,1128,401,412,399,0.353723404,118,0.104609929,37,0.048877147,135,0.119680851,151,0.133865248,9,0.02184466,0.460776756,41.7116566,1.421642494,0,0.001868405,0.029953222,0.088890898,0.015765472,47.53856405,10.06685808
3.7067E+11,0,1749,663,663,66,0.037735849,252,0.144082333,37,0.027882442,88,0.050314465,316,0.180674671,56,0.084464555,0.460776756,41.7116566,1.421642494,0,0.004079997,0.030012887,0.07844912,0.135058019,47.53856405,10.06685808
3.7067E+11,0,1471,567,619,248,0.168592794,526,0.359535202,169,0.170707071,76,0.051665534,273,0.185588035,66,0.106623586,0.350474267,38.57599271,1.145045665,0.54165547,0.000451516,0.033753314,0.242790276,0.122339274,45.8882732,9.67222
3.7067E+11,0,1939,868,948,154,0.079422383,422,0.217637958,98,0.066802999,16,0.008251676,443,0.228468283,107,0.112869198,0.350474267,38.57599271,1.145045665,0,0.013179621,0.041759369,0.078154202,0.056160016,45.8882732,9.67222
3.7067E+11,0,2641,1006,1006,630,0.238546005,433,0.163953048,102,0.053655971,151,0.057175312,364,0.137826581,90,0.089463221,0.343229719,39.32940179,1.21422719,0,0,0.031453282,0.064264726,0.199728711,46.46294248,9.77924137
3.7067E+11,0,1573,552,619,233,0.148124603,381,0.243606138,27,0.024861878,49,0.031150668,251,0.159567705,45,0.0726979,0.343229719,39.32940179,1.21422719,0,0.004637769,0.038545296,0.081189134,0.068223103,46.46294248,9.77924137
3.7067E+11,0,2419,852,861,592,0.244729227,295,0.12195122,46,0.030585106,101,0.04175279,350,0.144687888,108,0.12543554,0.347712788,38.95392378,1.19877415,0,0,0.026782451,0.097996146,0.623509129,46.0939281,9.696371507
3.7067E+11,0,738,304,312,34,0.046070461,186,0.25203252,38,0.06884058,21,0.028455285,154,0.208672087,42,0.134615385,0.347712788,38.95392378,1.19877415,0,0,0.0371587,0.054674472,0.342319527,46.0939281,9.696371507
3.7067E+11,0,616,262,286,65,0.105519481,46,0.074675325,24,0.049382716,41,0.066558442,147,0.238636364,70,0.244755245,0.347712788,38.95392378,1.19877415,0,0,0.037324645,0.111958422,0.253396214,46.0939281,9.696371507
